Source,Interacted Hosts
10.20.0.165,"92.122.126.218, 209.85.143.148, 92.122.126.26, 209.85.143.149, 92.122.126.58, 69.171.242.12, 66.235.138.19, 69.63.190.10, 66.235.133.62, 157.55.15.126, 88.208.230.170, 64.236.124.229, 74.125.79.118, 66.235.139.121, 92.122.127.32, 64.4.11.160, 2.19.147.191, 92.122.127.26, 207.46.19.190, 195.7.33.37, 65.55.18.18, 209.85.143.104, 2.19.149.115, 64.236.124.228, 4.26.231.254, 10.20.0.111, 94.245.117.45, 10.20.0.130, 94.245.115.205, 157.55.15.32, 92.122.126.232, 94.245.121.177, 239.255.255.250, 209.85.143.101, 92.122.126.211, 212.147.135.166, 64.215.255.122, 216.34.207.180, 178.79.195.246, 2.19.159.139, 212.147.135.190, 213.199.158.13, 94.245.117.52, 80.252.91.41, 89.101.160.4, 209.85.143.19, 62.190.147.60, 209.85.143.100, 46.137.168.128, 74.125.79.102, 199.59.149.232, 92.122.126.235, 209.85.143.165, 109.108.146.107, 184.169.81.33, 74.125.79.100, 2.16.57.55, 92.122.126.224, 193.1.160.37, 92.122.126.130, 2.19.156.20, 209.85.143.120, 10.20.0.255, 92.122.126.216, 92.122.127.240, 209.85.143.154, 199.7.71.190"
209.85.143.19,10.20.0.165
fe80::dd51:53a9:d92:f6ac,ff02::1:2
ff02::1:2,"fe80::c85b:86d2:b524:babb, fe80::dd51:53a9:d92:f6ac, fe80::1def:9dd0:aca8:1af4, fe80::d19a:f49d:21d6:7078, fe80::223:7dff:fe7d:799d, fe80::a93c:bd49:64a5:8c39"
10.20.0.254,"239.255.255.250, 224.0.0.1"
239.255.255.250,"10.20.0.103, 10.20.0.165, 10.20.0.102, 10.20.0.254"
89.101.160.4,10.20.0.165
207.46.19.190,10.20.0.165
64.4.11.160,10.20.0.165
94.245.115.205,10.20.0.165
157.55.15.32,10.20.0.165
213.199.158.13,10.20.0.165
157.55.15.126,10.20.0.165
92.122.126.211,10.20.0.165
94.245.117.52,10.20.0.165
66.235.133.62,10.20.0.165
92.122.126.26,10.20.0.165
10.20.0.110,"192.168.10.0, 192.168.10.58, 192.168.10.50, 192.168.10.67, 192.168.10.134, 192.168.10.139, 192.168.10.188, 192.168.10.219, 192.168.10.206, 192.168.10.210, 192.168.10.9, 192.168.10.187, 192.168.10.53, 192.168.10.107, 192.168.10.189, 192.168.10.37, 192.168.10.248, 192.168.10.7, 192.168.10.20, 192.168.10.43, 192.168.10.17, 192.168.10.36, 192.168.10.72, 192.168.10.96, 192.168.10.25, 192.168.10.175, 192.168.10.195, 192.168.10.212, 192.168.10.106, 192.168.10.86, 192.168.10.122, 192.168.10.73, 192.168.10.182, 192.168.10.99, 192.168.10.117, 192.168.10.91, 192.168.10.190, 192.168.10.18, 192.168.10.222, 192.168.10.33, 192.168.10.217, 192.168.10.45, 10.20.0.10, 192.168.10.79, 192.168.10.47, 192.168.10.54, 192.168.10.59, 192.168.10.211, 192.168.10.68, 192.168.10.142, 192.168.10.83, 192.168.10.114, 192.168.10.152, 192.168.10.164, 10.20.0.255, 192.168.10.105, 192.168.10.119, 192.168.10.133, 192.168.10.116, 192.168.10.108, 192.168.10.2, 192.168.10.112, 192.168.10.247, 192.168.10.186, 192.168.10.34, 192.168.10.48, 192.168.10.81, 192.168.10.207, 192.168.10.229, 192.168.10.132, 192.168.10.151, 192.168.10.1, 192.168.10.102, 192.168.10.130, 192.168.10.94, 192.168.10.227, 192.168.10.6, 192.168.10.8, 192.168.10.127, 192.168.10.63, 192.168.10.138, 192.168.10.5, 192.168.10.123, 192.168.10.231, 192.168.10.143, 192.168.10.88, 192.168.10.84, 192.168.10.28, 192.168.10.75, 192.168.10.208, 192.168.10.150, 192.168.10.252, 192.168.10.178, 192.168.10.184, 192.168.10.27, 192.168.10.113, 192.168.10.255, 192.168.10.19, 192.168.10.180, 192.168.10.215, 192.168.10.237, 192.168.10.140, 192.168.10.209, 192.168.10.104, 192.168.10.120, 192.168.10.156, 192.168.10.201, 192.168.10.254, 192.168.10.171, 192.168.10.205, 192.168.10.176, 192.168.10.185, 192.168.10.147, 192.168.10.177, 192.168.10.238, 192.168.10.153, 192.168.10.226, 192.168.10.214, 192.168.10.57, 192.168.10.62, 192.168.10.3, 192.168.10.174, 192.168.10.148, 192.168.10.199, 192.168.10.95, 192.168.10.159, 192.168.10.241, 192.168.10.250, 192.168.10.12, 192.168.10.14, 192.168.10.42, 192.168.10.135, 192.168.10.155, 192.168.10.221, 192.168.10.128, 192.168.10.169, 192.168.10.166, 192.168.10.136, 192.168.10.193, 192.168.10.10, 192.168.10.144, 192.168.10.30, 192.168.10.198, 192.168.10.38, 192.168.10.110, 192.168.10.125, 192.168.10.220, 192.168.10.131, 192.168.10.70, 192.168.10.100, 192.168.10.246, 192.168.10.115, 192.168.10.160, 192.168.10.44, 192.168.10.167, 192.168.10.92, 192.168.10.24, 192.168.10.46, 192.168.10.204, 192.168.10.196, 192.168.10.137, 192.168.10.80, 192.168.10.141, 192.168.10.172, 192.168.10.22, 192.168.10.89, 224.0.0.2, 192.168.10.154, 192.168.10.249, 192.168.10.145, 192.168.10.52, 192.168.10.31, 192.168.10.55, 192.168.10.11, 192.168.10.230, 192.168.10.253, 192.168.10.235, 192.168.10.76, 192.168.10.121, 192.168.10.66, 192.168.10.85, 192.168.10.103, 192.168.10.149, 192.168.10.109, 192.168.10.240, 192.168.10.161, 192.168.10.98, 192.168.10.234, 192.168.10.251, 192.168.10.179, 192.168.10.16, 192.168.10.40, 192.168.10.183, 224.0.0.252, 192.168.10.191, 192.168.10.202, 192.168.10.173, 192.168.10.21, 192.168.10.165, 192.168.10.61, 192.168.10.242, 192.168.10.29, 192.168.10.82, 192.168.10.111, 192.168.10.39, 192.168.10.101, 192.168.10.49, 192.168.10.23, 192.168.10.64, 192.168.10.192, 192.168.10.232, 192.168.10.158, 192.168.10.218, 192.168.10.181, 192.168.10.15, 192.168.10.74, 192.168.10.216, 192.168.10.194, 192.168.10.225, 192.168.10.223, 192.168.10.236, 192.168.10.71, 192.168.10.162, 192.168.10.200, 192.168.10.243, 192.168.10.124, 192.168.10.118, 192.168.10.41, 192.168.10.244, 192.168.10.51, 192.168.10.146, 192.168.10.90, 192.168.10.97, 192.168.10.4, 192.168.10.60, 192.168.10.126, 192.168.10.35, 192.168.10.129, 192.168.10.65, 192.168.10.26, 192.168.10.163, 192.168.10.87, 192.168.10.245, 192.168.10.78, 192.168.10.13, 192.168.10.233, 192.168.10.197, 192.168.10.228, 192.168.10.157, 192.168.10.56, 192.168.10.168, 192.168.10.203, 192.168.10.239, 192.168.10.224, 192.168.10.213, 192.168.10.77, 192.168.10.170, 192.168.10.93, 192.168.10.32, 192.168.10.69"
10.20.0.255,"10.20.0.155, 10.20.0.165, 10.20.0.110, 10.20.0.102, 10.20.0.154"
92.122.126.58,10.20.0.165
94.245.121.177,10.20.0.165
94.245.117.45,10.20.0.165
209.85.143.149,10.20.0.165
65.55.18.18,10.20.0.165
209.85.143.148,10.20.0.165
92.122.127.240,10.20.0.165
10.20.0.103,"239.255.255.250, 224.0.0.251"
195.7.33.37,10.20.0.165
64.236.124.229,10.20.0.165
92.122.126.218,10.20.0.165
212.147.135.166,10.20.0.165
66.235.138.19,10.20.0.165
212.147.135.190,10.20.0.165
74.125.79.102,10.20.0.165
92.122.126.216,10.20.0.165
109.108.146.107,10.20.0.165
88.208.230.170,10.20.0.165
224.0.0.1,10.20.0.254
10.20.0.102,"224.0.1.60, 10.20.0.255, 239.255.255.250, 224.0.0.251"
224.0.1.60,10.20.0.102
10.20.0.130,"10.20.0.165, 224.0.0.252"
224.0.0.252,"10.20.0.180, 10.20.0.110, 10.20.0.164, 10.20.0.130"
10.20.0.200,239.0.82.11
239.0.82.11,10.20.0.200
224.0.0.251,"10.20.0.103, 10.20.0.69, 10.20.0.102"
209.85.143.165,10.20.0.165
209.85.143.154,10.20.0.165
193.1.160.37,10.20.0.165
2.19.156.20,10.20.0.165
209.85.143.104,10.20.0.165
2.19.159.139,10.20.0.165
2.16.57.55,10.20.0.165
209.85.143.101,10.20.0.165
209.85.143.120,10.20.0.165
69.63.190.10,10.20.0.165
2.19.149.115,10.20.0.165
64.215.255.122,10.20.0.165
92.122.127.32,10.20.0.165
64.236.124.228,10.20.0.165
2.19.147.191,10.20.0.165
4.26.231.254,10.20.0.165
199.7.71.190,10.20.0.165
46.137.168.128,10.20.0.165
92.122.127.26,10.20.0.165
92.122.126.232,10.20.0.165
92.122.126.130,10.20.0.165
10.20.0.154,10.20.0.255
10.20.0.111,10.20.0.165
fe80::d19a:f49d:21d6:7078,ff02::1:2
fe80::a93c:bd49:64a5:8c39,"ff02::1:3, ff02::1:2, ff02::16"
fe80::223:7dff:fe7d:799d,ff02::1:2
fe80::1def:9dd0:aca8:1af4,ff02::1:2
fe80::c85b:86d2:b524:babb,"ff02::1:3, ff02::1:2, ff02::16"
184.169.81.33,10.20.0.165
199.59.149.232,10.20.0.165
74.125.79.118,10.20.0.165
209.85.143.100,10.20.0.165
10.20.0.155,10.20.0.255
ff02::16,"fe80::c85b:86d2:b524:babb, fe80::a93c:bd49:64a5:8c39"
10.20.0.180,"224.0.0.252, 224.0.0.2"
224.0.0.2,"10.20.0.180, 10.20.0.110"
ff02::1:3,"fe80::c85b:86d2:b524:babb, fe80::a93c:bd49:64a5:8c39"
10.20.0.164,224.0.0.252
92.122.126.224,10.20.0.165
69.171.242.12,10.20.0.165
74.125.79.100,10.20.0.165
92.122.126.235,10.20.0.165
10.20.0.69,224.0.0.251
62.190.147.60,10.20.0.165
80.252.91.41,10.20.0.165
66.235.139.121,10.20.0.165
178.79.195.246,10.20.0.165
216.34.207.180,10.20.0.165
192.168.10.11,10.20.0.110
192.168.10.1,10.20.0.110
192.168.10.4,10.20.0.110
192.168.10.5,10.20.0.110
192.168.10.6,10.20.0.110
192.168.10.7,10.20.0.110
192.168.10.8,10.20.0.110
192.168.10.9,10.20.0.110
192.168.10.10,10.20.0.110
192.168.10.12,10.20.0.110
192.168.10.15,10.20.0.110
192.168.10.16,10.20.0.110
192.168.10.19,10.20.0.110
192.168.10.20,10.20.0.110
192.168.10.23,10.20.0.110
192.168.10.24,10.20.0.110
192.168.10.27,10.20.0.110
192.168.10.30,10.20.0.110
192.168.10.31,10.20.0.110
192.168.10.32,10.20.0.110
192.168.10.33,10.20.0.110
192.168.10.34,10.20.0.110
192.168.10.35,10.20.0.110
192.168.10.36,10.20.0.110
192.168.10.37,10.20.0.110
192.168.10.38,10.20.0.110
192.168.10.39,10.20.0.110
192.168.10.40,10.20.0.110
192.168.10.41,10.20.0.110
192.168.10.46,10.20.0.110
192.168.10.47,10.20.0.110
192.168.10.48,10.20.0.110
192.168.10.49,10.20.0.110
192.168.10.50,10.20.0.110
192.168.10.51,10.20.0.110
192.168.10.52,10.20.0.110
192.168.10.53,10.20.0.110
192.168.10.54,10.20.0.110
192.168.10.55,10.20.0.110
192.168.10.56,10.20.0.110
192.168.10.57,10.20.0.110
192.168.10.58,10.20.0.110
192.168.10.59,10.20.0.110
192.168.10.62,10.20.0.110
192.168.10.63,10.20.0.110
192.168.10.64,10.20.0.110
192.168.10.65,10.20.0.110
192.168.10.70,10.20.0.110
192.168.10.71,10.20.0.110
192.168.10.72,10.20.0.110
192.168.10.73,10.20.0.110
192.168.10.74,10.20.0.110
10.20.0.10,10.20.0.110
192.168.10.77,10.20.0.110
192.168.10.80,10.20.0.110
192.168.10.81,10.20.0.110
192.168.10.82,10.20.0.110
192.168.10.83,10.20.0.110
192.168.10.86,10.20.0.110
192.168.10.89,10.20.0.110
192.168.10.90,10.20.0.110
192.168.10.91,10.20.0.110
192.168.10.92,10.20.0.110
192.168.10.93,10.20.0.110
192.168.10.96,10.20.0.110
192.168.10.99,10.20.0.110
192.168.10.100,10.20.0.110
192.168.10.101,10.20.0.110
192.168.10.104,10.20.0.110
192.168.10.105,10.20.0.110
192.168.10.106,10.20.0.110
192.168.10.107,10.20.0.110
192.168.10.108,10.20.0.110
192.168.10.111,10.20.0.110
192.168.10.112,10.20.0.110
192.168.10.113,10.20.0.110
192.168.10.114,10.20.0.110
192.168.10.117,10.20.0.110
192.168.10.118,10.20.0.110
192.168.10.119,10.20.0.110
192.168.10.122,10.20.0.110
192.168.10.123,10.20.0.110
192.168.10.124,10.20.0.110
192.168.10.127,10.20.0.110
192.168.10.128,10.20.0.110
192.168.10.129,10.20.0.110
192.168.10.130,10.20.0.110
192.168.10.131,10.20.0.110
192.168.10.132,10.20.0.110
192.168.10.133,10.20.0.110
192.168.10.134,10.20.0.110
192.168.10.135,10.20.0.110
192.168.10.136,10.20.0.110
192.168.10.137,10.20.0.110
192.168.10.138,10.20.0.110
192.168.10.141,10.20.0.110
192.168.10.144,10.20.0.110
192.168.10.145,10.20.0.110
192.168.10.146,10.20.0.110
192.168.10.147,10.20.0.110
192.168.10.148,10.20.0.110
192.168.10.149,10.20.0.110
192.168.10.150,10.20.0.110
192.168.10.151,10.20.0.110
192.168.10.152,10.20.0.110
192.168.10.153,10.20.0.110
192.168.10.154,10.20.0.110
192.168.10.155,10.20.0.110
192.168.10.156,10.20.0.110
192.168.10.157,10.20.0.110
192.168.10.158,10.20.0.110
192.168.10.159,10.20.0.110
192.168.10.160,10.20.0.110
192.168.10.161,10.20.0.110
192.168.10.162,10.20.0.110
192.168.10.163,10.20.0.110
192.168.10.164,10.20.0.110
192.168.10.165,10.20.0.110
192.168.10.170,10.20.0.110
192.168.10.171,10.20.0.110
192.168.10.172,10.20.0.110
192.168.10.175,10.20.0.110
192.168.10.176,10.20.0.110
192.168.10.177,10.20.0.110
192.168.10.180,10.20.0.110
192.168.10.181,10.20.0.110
192.168.10.182,10.20.0.110
192.168.10.183,10.20.0.110
192.168.10.184,10.20.0.110
192.168.10.185,10.20.0.110
192.168.10.186,10.20.0.110
192.168.10.187,10.20.0.110
192.168.10.188,10.20.0.110
192.168.10.189,10.20.0.110
192.168.10.190,10.20.0.110
192.168.10.191,10.20.0.110
192.168.10.194,10.20.0.110
192.168.10.199,10.20.0.110
192.168.10.200,10.20.0.110
192.168.10.201,10.20.0.110
192.168.10.202,10.20.0.110
192.168.10.203,10.20.0.110
192.168.10.204,10.20.0.110
192.168.10.205,10.20.0.110
192.168.10.206,10.20.0.110
192.168.10.207,10.20.0.110
192.168.10.208,10.20.0.110
192.168.10.213,10.20.0.110
192.168.10.214,10.20.0.110
192.168.10.215,10.20.0.110
192.168.10.216,10.20.0.110
192.168.10.219,10.20.0.110
192.168.10.220,10.20.0.110
192.168.10.221,10.20.0.110
192.168.10.224,10.20.0.110
192.168.10.225,10.20.0.110
192.168.10.226,10.20.0.110
192.168.10.227,10.20.0.110
192.168.10.228,10.20.0.110
192.168.10.229,10.20.0.110
192.168.10.230,10.20.0.110
192.168.10.231,10.20.0.110
192.168.10.232,10.20.0.110
192.168.10.233,10.20.0.110
192.168.10.234,10.20.0.110
192.168.10.235,10.20.0.110
192.168.10.236,10.20.0.110
192.168.10.237,10.20.0.110
192.168.10.242,10.20.0.110
192.168.10.243,10.20.0.110
192.168.10.244,10.20.0.110
192.168.10.245,10.20.0.110
192.168.10.246,10.20.0.110
192.168.10.247,10.20.0.110
192.168.10.248,10.20.0.110
192.168.10.249,10.20.0.110
192.168.10.250,10.20.0.110
192.168.10.253,10.20.0.110
192.168.10.254,10.20.0.110
192.168.10.255,10.20.0.110
192.168.10.0,10.20.0.110
192.168.10.2,10.20.0.110
192.168.10.3,10.20.0.110
192.168.10.13,10.20.0.110
192.168.10.14,10.20.0.110
192.168.10.17,10.20.0.110
192.168.10.18,10.20.0.110
192.168.10.25,10.20.0.110
192.168.10.26,10.20.0.110
192.168.10.28,10.20.0.110
192.168.10.29,10.20.0.110
192.168.10.42,10.20.0.110
192.168.10.43,10.20.0.110
192.168.10.44,10.20.0.110
192.168.10.45,10.20.0.110
192.168.10.60,10.20.0.110
192.168.10.61,10.20.0.110
192.168.10.66,10.20.0.110
192.168.10.67,10.20.0.110
192.168.10.68,10.20.0.110
192.168.10.69,10.20.0.110
192.168.10.75,10.20.0.110
192.168.10.76,10.20.0.110
192.168.10.78,10.20.0.110
192.168.10.88,10.20.0.110
192.168.10.97,10.20.0.110
192.168.10.109,10.20.0.110
192.168.10.110,10.20.0.110
192.168.10.115,10.20.0.110
192.168.10.116,10.20.0.110
192.168.10.120,10.20.0.110
192.168.10.121,10.20.0.110
192.168.10.125,10.20.0.110
192.168.10.126,10.20.0.110
192.168.10.139,10.20.0.110
192.168.10.140,10.20.0.110
192.168.10.142,10.20.0.110
192.168.10.143,10.20.0.110
192.168.10.166,10.20.0.110
192.168.10.167,10.20.0.110
192.168.10.168,10.20.0.110
192.168.10.169,10.20.0.110
192.168.10.173,10.20.0.110
192.168.10.174,10.20.0.110
192.168.10.178,10.20.0.110
192.168.10.179,10.20.0.110
192.168.10.192,10.20.0.110
192.168.10.193,10.20.0.110
192.168.10.195,10.20.0.110
192.168.10.196,10.20.0.110
192.168.10.197,10.20.0.110
192.168.10.198,10.20.0.110
192.168.10.209,10.20.0.110
192.168.10.210,10.20.0.110
192.168.10.211,10.20.0.110
192.168.10.212,10.20.0.110
192.168.10.217,10.20.0.110
192.168.10.218,10.20.0.110
192.168.10.222,10.20.0.110
192.168.10.223,10.20.0.110
192.168.10.241,10.20.0.110
192.168.10.251,10.20.0.110
192.168.10.252,10.20.0.110
192.168.10.21,10.20.0.110
192.168.10.79,10.20.0.110
192.168.10.84,10.20.0.110
192.168.10.85,10.20.0.110
192.168.10.87,10.20.0.110
192.168.10.95,10.20.0.110
192.168.10.98,10.20.0.110
192.168.10.240,10.20.0.110
192.168.10.22,10.20.0.110
192.168.10.94,10.20.0.110
192.168.10.102,10.20.0.110
192.168.10.103,10.20.0.110
192.168.10.238,10.20.0.110
192.168.10.239,10.20.0.110
192.168.5.208,192.168.5.217
192.168.5.217,192.168.5.208
